{"cameraMode":{"drawMode":0,"name":"Shaded","section":"Shading Mode"},"sceneLighting":true,"audioPlay":false,"sceneViewState":{"showFog":false,"showMaterialUpdate":false,"showSkybox":false,"showFlares":false,"showImageEffects":false,"showParticleSystems":false},"in2DMode":false,"pivot":{"x":-5.260186195373535,"y":-34.1668815612793,"z":-27.875713348388673},"rotation":{"x":-0.02536867931485176,"y":0.9584791660308838,"z":-0.26929813623428347,"w":-0.09029218554496765},"size":88.22603607177735,"orthographic":false}