{"cameraMode":{"drawMode":0,"name":"Shaded","section":"Shading Mode"},"sceneLighting":true,"audioPlay":false,"sceneViewState":{"showFog":true,"showMaterialUpdate":true,"showSkybox":true,"showFlares":true,"showImageEffects":true,"showParticleSystems":true},"in2DMode":false,"pivot":{"x":3.5784249305725099,"y":-0.7903165817260742,"z":-17.649898529052736},"rotation":{"x":-0.0017613613745197654,"y":-0.9977965354919434,"z":0.0593472458422184,"w":-0.029613254591822625},"size":81.80397033691406,"orthographic":false}